Protein ID,ch0,ch1,ch2,ch3,ch4,ch5,ch6,ch7,ch8,ch9,ch10
BP677536,180.3139074,440.4864578,385.6522888,354.9392163,180.3139074,440.4864578,385.6522888,354.9392163,440.4864578,385.6522888,354.9392163
BP677536,189.4696091,458.6363471,368.3842762,466.189303,189.4696091,458.6363471,368.3842762,466.189303,458.6363471,368.3842762,466.189303
